path,value,type
siteConfig.name,Design Essentials,string
siteConfig.studioLine,INTERIORS / DELHI NCR,string
siteConfig.tagline,Spaces with purpose. Details with meaning.,string
siteConfig.description,"Premium residential and commercial interior design, planning and turnkey execution across Delhi NCR.",string
siteConfig.baseUrl,https://design-essentials-w1.vercel.app,string
siteConfig.phone,+91 98110 06842,string
siteConfig.phoneHref,tel:+919811006842,string
siteConfig.email,info@designessentials.co.in,string
siteConfig.emailHref,mailto:info@designessentials.co.in,string
siteConfig.address,"GD-87, GD Block, Dakshini Pitampura, Pitampura, Delhi 110034",string
siteConfig.shortAddress,"GD-87, GD Block, Dakshini Pitampura, Delhi 110034",string
siteConfig.serviceAreas.0,Delhi,string
siteConfig.serviceAreas.1,Gurgaon,string
siteConfig.serviceAreas.2,Noida,string
siteConfig.serviceAreas.3,Greater Noida,string
siteConfig.serviceAreas.4,Faridabad,string
siteConfig.serviceAreas.5,Ghaziabad,string
siteConfig.logo.src,/assets/logo4.webp,string
siteConfig.logo.alt,Design Essentials logo,string
siteConfig.defaultSeoTitle,Interior Design and Turnkey Execution,string
siteConfig.schema.streetAddress,"GD-87, GD Block, Dakshini Pitampura, Pitampura",string
siteConfig.schema.addressLocality,Delhi,string
siteConfig.schema.postalCode,110034,string
siteConfig.schema.addressCountry,IN,string
navItems.0.label,Home,string
navItems.0.href,/,string
navItems.1.label,About,string
navItems.1.href,/about,string
navItems.2.label,What We Do,string
navItems.2.href,/what-we-do,string
navItems.3.label,Showcase,string
navItems.3.href,/showcase,string
navItems.4.label,Process,string
navItems.4.href,/process,string
navItems.5.label,Contact,string
navItems.5.href,/contact,string
imageLibrary.hero,https://res.cloudinary.com/gidkxwhb/image/upload/v1786546040/20.jpg,string
imageLibrary.intro,https://res.cloudinary.com/gidkxwhb/image/upload/v1786546046/25.jpg,string
imageLibrary.residential,https://res.cloudinary.com/gidkxwhb/image/upload/v1786546237/128.jpg,string
imageLibrary.commercial,https://res.cloudinary.com/gidkxwhb/image/upload/v1786546744/275.jpg,string
imageLibrary.turnkey,https://res.cloudinary.com/gidkxwhb/image/upload/v1786546658/210.jpg,string
imageLibrary.renovation,https://res.cloudinary.com/gidkxwhb/image/upload/v1786546144/96.jpg,string
imageLibrary.residence,https://res.cloudinary.com/gidkxwhb/image/upload/v1786546672/231.jpg,string
imageLibrary.exterior,https://res.cloudinary.com/gidkxwhb/image/upload/v1786546997/363.jpg,string
imageLibrary.material,https://res.cloudinary.com/gidkxwhb/image/upload/v1786546265/143.jpg,string
imageLibrary.consultation,https://res.cloudinary.com/gidkxwhb/image/upload/v1786546112/59.jpg,string
imageLibrary.bedroom,https://res.cloudinary.com/gidkxwhb/image/upload/v1786546340/51.jpg,string
imageLibrary.villa,https://res.cloudinary.com/gidkxwhb/image/upload/v1786546255/136.jpg,string
imageLibrary.cafe,https://res.cloudinary.com/gidkxwhb/image/upload/v1786546115/73.jpg,string
imageLibrary.retail,https://res.cloudinary.com/gidkxwhb/image/upload/v1786546260/141.jpg,string
services.0.id,residential,string
services.0.number,01,string
services.0.title,Residential Interior Design,string
services.0.shortTitle,Residential interiors,string
services.0.description,"Complete home interiors, modular kitchens, wardrobes, living rooms, bedrooms and renovation planning for apartments, villas and builder floors.",string
services.0.summary,"Complete homes, kitchens, wardrobes and rooms.",string
services.0.image,https://res.cloudinary.com/gidkxwhb/image/upload/v1786546237/128.jpg,string
services.0.alt,Residential interior design,string
services.0.points.0,Space planning and furniture layout,string
services.0.points.1,"Kitchen, wardrobe and storage design",string
services.0.points.2,"Lighting, finishes and material guidance",string
services.0.points.3,Turnkey home execution,string
services.1.id,commercial,string
services.1.number,02,string
services.1.title,Commercial Interior Design,string
services.1.shortTitle,Commercial interiors,string
services.1.description,"Office, retail, clinic, hospitality and showroom interiors designed around workflow, customer experience, brand presence and business continuity.",string
services.1.summary,"Offices, retail, clinics, restaurants and showrooms.",string
services.1.image,https://res.cloudinary.com/gidkxwhb/image/upload/v1786546744/275.jpg,string
services.1.alt,Commercial office interior design,string
services.1.points.0,Office and workspace planning,string
services.1.points.1,"Reception, meeting and customer zones",string
services.1.points.2,Retail and hospitality experience design,string
services.1.points.3,Execution planning to reduce disruption,string
services.2.id,turnkey,string
services.2.number,03,string
services.2.title,Turnkey Interior Execution,string
services.2.shortTitle,Turnkey execution,string
services.2.description,"For clients who want one accountable team to manage design, sourcing, contractors, installation and final handover.",string
services.2.summary,"Civil, furniture, electrical, procurement and site coordination.",string
services.2.image,https://res.cloudinary.com/gidkxwhb/image/upload/v1786546658/210.jpg,string
services.2.alt,Turnkey interior execution,string
services.2.points.0,"Civil, electrical, plumbing and false ceiling coordination",string
services.2.points.1,Furniture and modular fabrication,string
services.2.points.2,Vendor and material management,string
services.2.points.3,Quality checks and progress updates,string
services.3.id,renovation,string
services.3.number,04,string
services.3.title,Renovation and Space Improvement,string
services.3.shortTitle,Renovation,string
services.3.description,"Existing spaces reworked with a focus on better layout, updated finishes, improved lighting and practical upgrades.",string
services.3.summary,Existing spaces reworked with minimal disruption.,string
services.3.image,https://res.cloudinary.com/gidkxwhb/image/upload/v1786546144/96.jpg,string
services.3.alt,Interior renovation,string
services.3.points.0,Space optimisation,string
services.3.points.1,"Wall, flooring and ceiling upgrades",string
services.3.points.2,Electrical and plumbing updates,string
services.3.points.3,Furniture and styling refresh,string
processSteps.0.number,01,string
processSteps.0.label,DISCOVER,string
processSteps.0.title,Consultation,string
processSteps.0.shortTitle,Consult,string
processSteps.0.description,"Understand the property, users, lifestyle, business needs, budget and timeline. Collect floor plans, photos and reference images.",string
processSteps.1.number,02,string
processSteps.1.label,MEASURE,string
processSteps.1.title,Site Analysis,string
processSteps.1.shortTitle,Analyse,string
processSteps.1.description,"Measure the space, identify technical limitations and study light, movement, storage and service points.",string
processSteps.2.number,03,string
processSteps.2.label,PLAN,string
processSteps.2.title,Concept and Planning,string
processSteps.2.shortTitle,Layout,string
processSteps.2.description,"Develop layouts, mood direction, furniture zoning, material strategy and visual references.",string
processSteps.3.number,04,string
processSteps.3.label,SELECT,string
processSteps.3.title,Material Selection,string
processSteps.3.shortTitle,Materials,string
processSteps.3.description,"Shortlist finishes, hardware, lighting, furniture and surface details according to budget and durability.",string
processSteps.4.number,05,string
processSteps.4.label,BUILD,string
processSteps.4.title,Execution,string
processSteps.4.shortTitle,Execute,string
processSteps.4.description,"Coordinate site work, vendors, procurement, fabrication, installation and quality checks.",string
processSteps.5.number,06,string
processSteps.5.label,HANDOVER,string
processSteps.5.title,Handover,string
processSteps.5.shortTitle,Handover,string
processSteps.5.description,"Review the finished space, document care guidance and close remaining practical details.",string
projects.0.duration,Defined after site assessment,string
projects.0.gallery.0,https://res.cloudinary.com/gidkxwhb/image/upload/v1786546751/276.jpg,string
projects.0.gallery.1,https://res.cloudinary.com/gidkxwhb/image/upload/v1786546744/277.jpg,string
projects.0.gallery.2,https://res.cloudinary.com/gidkxwhb/image/upload/v1786546740/259.jpg,string
projects.0.description,"A quietly tailored family living room where warm mineral tones, generous seating and integrated storage create an easy setting for everyday life.",string
projects.0.scope,"Living-room planning, seating layout, media joinery, display storage, lighting and soft-furnishing direction",string
projects.0.brief,"The family wanted their main room to feel composed enough for guests and relaxed enough for daily use, with a clear place for media, books and objects collected over time.",string
projects.0.challenge,"The room needed substantial storage and comfortable seating without losing the openness, daylight and calm visual rhythm that make a living room feel generous.",string
projects.0.solution,"A low, linear furniture plan is paired with integrated joinery, layered ambient lighting and a restrained sand-and-timber palette to give the room warmth, order and flexibility.",string
projects.0.slug,sandstone-residence,string
projects.0.name,Sandstone Residence,string
projects.0.type,3BHK Residence,string
projects.0.category,living-room,string
projects.0.tags.0,living-room,string
projects.0.tags.1,residential,string
projects.0.tags.2,home,string
projects.0.tags.3,family,string
projects.0.tags.4,storage,string
projects.0.location,Gurgaon,string
projects.0.image,https://res.cloudinary.com/gidkxwhb/image/upload/v1786546735/267.jpg,string
projects.0.alt,Sandstone Residence interior project,string
projects.0.placeholder,true,boolean
projects.1.duration,Defined after site assessment,string
projects.1.gallery.0,https://res.cloudinary.com/gidkxwhb/image/upload/v1786546659/212.jpg,string
projects.1.gallery.1,https://res.cloudinary.com/gidkxwhb/image/upload/v1786546659/213.jpg,string
projects.1.gallery.2,https://res.cloudinary.com/gidkxwhb/image/upload/v1786546657/206.jpg,string
projects.1.gallery.3,https://res.cloudinary.com/gidkxwhb/image/upload/v1786546652/200.jpg,string
projects.1.description,"A practical family kitchen that brings prep, cooking, cleaning and casual dining into one clear, efficient sequence.",string
projects.1.scope,"Kitchen planning, appliance integration, pantry storage, breakfast counter, task lighting and durable finish specification",string
projects.1.brief,"The household needed a kitchen that could handle daily cooking, school-day breakfasts and weekly stocking without turning the counter or circulation route into a bottleneck.",string
projects.1.challenge,"The compact footprint had to accommodate a complete appliance set, generous dry storage and two-person movement while keeping the room bright and visually calm.",string
projects.1.solution,"Full-height pantry units, an integrated appliance wall, continuous worktops and under-cabinet lighting create a functional kitchen with easy reach, clean lines and lasting materials.",string
projects.1.slug,gurgaon-family-kitchen,string
projects.1.name,Gurgaon Family Kitchen,string
projects.1.type,Kitchen Interior,string
projects.1.category,kitchen,string
projects.1.tags.0,kitchen,string
projects.1.tags.1,family,string
projects.1.tags.2,storage,string
projects.1.tags.3,appliances,string
projects.1.tags.4,modular,string
projects.1.location,Gurgaon,string
projects.1.image,https://res.cloudinary.com/gidkxwhb/image/upload/v1786546650/197.jpg,string
projects.1.alt,Gurgaon Family Kitchen interior project,string
projects.1.placeholder,true,boolean
projects.2.duration,Defined after site assessment,string
projects.2.gallery.0,https://res.cloudinary.com/gidkxwhb/image/upload/v1786546741/270.jpg,string
projects.2.gallery.1,https://res.cloudinary.com/gidkxwhb/image/upload/v1786546739/271.jpg,string
projects.2.gallery.2,https://res.cloudinary.com/gidkxwhb/image/upload/v1786546736/268.jpg,string
projects.2.gallery.3,https://res.cloudinary.com/gidkxwhb/image/upload/v1786546733/265.jpg,string
projects.2.description,"A considered living-room renewal that preserves the familiarity of a family home while improving light, storage and day-to-day comfort.",string
projects.2.scope,"Living-room reconfiguration, custom storage, lighting renewal, finish selection and furniture placement",string
projects.2.brief,"The owners wanted a more current, practical living room without erasing the warmth and memories already held in the home.",string
projects.2.challenge,"New storage, lighting and seating had to improve function within the existing shell, while the renovation needed to remain measured and minimally disruptive.",string
projects.2.solution,"A lighter material palette, edited architectural details and purpose-built storage simplify the room, improve circulation and retain its lived-in sense of character.",string
projects.2.slug,pitampura-family-home,string
projects.2.name,Pitampura Family Home,string
projects.2.type,Renovation,string
projects.2.category,living-room,string
projects.2.tags.0,living-room,string
projects.2.tags.1,renovation,string
projects.2.tags.2,home,string
projects.2.tags.3,family,string
projects.2.tags.4,warm,string
projects.2.location,Delhi,string
projects.2.image,https://res.cloudinary.com/gidkxwhb/image/upload/v1786546715/256.jpg,string
projects.2.alt,Pitampura Family Home interior project,string
projects.2.placeholder,true,boolean
projects.3.duration,Defined after site assessment,string
projects.3.gallery.0,https://res.cloudinary.com/gidkxwhb/image/upload/v1786546116/76.jpg,string
projects.3.gallery.1,https://res.cloudinary.com/gidkxwhb/image/upload/v1786546115/74.jpg,string
projects.3.gallery.2,https://res.cloudinary.com/gidkxwhb/image/upload/v1786546115/73.jpg,string
projects.3.gallery.3,https://res.cloudinary.com/gidkxwhb/image/upload/v1786546114/72.jpg,string
projects.3.description,"A neighbourhood café designed for an unhurried daytime rhythm, with tactile finishes, soft light and a clear operational backbone.",string
projects.3.scope,"Customer journey, seating mix, service counter, lighting concept, material palette and hospitality detailing",string
projects.3.brief,"The ambition was a café that feels inviting from the first coffee of the day through a busy evening service, without compromising the team’s speed or the guest’s comfort.",string
projects.3.challenge,"A compact floor plate had to balance queueing, counter service, table density and staff movement while still offering guests distinct places to meet, work or pause.",string
projects.3.solution,"A legible counter sequence, varied seating zones, warm pools of light and robust natural finishes create an atmosphere-led café that remains efficient at peak hours.",string
projects.3.slug,courtyard-cafe,string
projects.3.name,Courtyard Cafe,string
projects.3.type,Hospitality,string
projects.3.category,cafe,string
projects.3.tags.0,cafe,string
projects.3.tags.1,hospitality,string
projects.3.tags.2,dining,string
projects.3.tags.3,restaurant,string
projects.3.tags.4,social,string
projects.3.location,Delhi NCR,string
projects.3.image,https://res.cloudinary.com/gidkxwhb/image/upload/v1786546115/75.jpg,string
projects.3.alt,Courtyard Cafe interior project,string
projects.3.placeholder,true,boolean
projects.4.duration,Defined after site assessment,string
projects.4.gallery.0,https://res.cloudinary.com/gidkxwhb/image/upload/v1786546137/91.jpg,string
projects.4.gallery.1,https://res.cloudinary.com/gidkxwhb/image/upload/v1786546865/322.jpg,string
projects.4.gallery.2,https://res.cloudinary.com/gidkxwhb/image/upload/v1786546739/271.jpg,string
projects.4.description,"A daylight-led living room that pairs relaxed seating with disciplined storage, creating a polished space that still feels easy to use.",string
projects.4.scope,"Living-room zoning, seating selection, media wall, concealed storage, decorative lighting and styling direction",string
projects.4.brief,"The family asked for a welcoming social room that could host visitors comfortably, support quiet downtime and keep everyday clutter out of sight.",string
projects.4.challenge,"The media wall, seating group and storage needed to work as one composition without interrupting daylight or crowding the circulation path.",string
projects.4.solution,"Low-profile furniture, a quietly detailed media wall, concealed cabinetry and layered decorative lighting create a refined living room with an open, lived-in quality.",string
projects.4.slug,sunlit-living-room,string
projects.4.name,Sunlit Living Room,string
projects.4.type,Living Room Interior,string
projects.4.category,living-room,string
projects.4.tags.0,living-room,string
projects.4.tags.1,seating,string
projects.4.tags.2,media-wall,string
projects.4.tags.3,storage,string
projects.4.tags.4,daylight,string
projects.4.location,Delhi,string
projects.4.image,https://res.cloudinary.com/gidkxwhb/image/upload/v1786546734/266.jpg,string
projects.4.alt,Sunlit Living Room interior project,string
projects.4.placeholder,true,boolean
projects.5.duration,Defined after site assessment,string
projects.5.gallery.0,https://res.cloudinary.com/gidkxwhb/image/upload/v1786546736/268.jpg,string
projects.5.gallery.1,https://res.cloudinary.com/gidkxwhb/image/upload/v1786546741/270.jpg,string
projects.5.gallery.2,https://res.cloudinary.com/gidkxwhb/image/upload/v1786546739/271.jpg,string
projects.5.gallery.3,https://res.cloudinary.com/gidkxwhb/image/upload/v1786546715/256.jpg,string
projects.5.description,"A compact apartment living room made to feel more generous through disciplined planning, visually light furniture and storage that works in the background.",string
projects.5.scope,"Living-room layout, compact seating, dining integration, media storage, lighting and space-optimisation strategy",string
projects.5.brief,"The owners wanted the apartment’s main room to comfortably support family time and guests while remaining bright, low-maintenance and easy to move through.",string
projects.5.challenge,"Every piece had to earn its place: seating, dining, media and storage needed to coexist in a limited footprint without making the room feel overfilled.",string
projects.5.solution,"A compact furniture plan, full-height storage and a light-toned material palette make the living room feel clearer, more adaptable and noticeably more spacious.",string
projects.5.slug,noida-apartment,string
projects.5.name,Noida Apartment,string
projects.5.type,Apartment Interior,string
projects.5.category,living-room,string
projects.5.tags.0,living-room,string
projects.5.tags.1,apartment,string
projects.5.tags.2,home,string
projects.5.tags.3,storage,string
projects.5.tags.4,compact,string
projects.5.location,Noida,string
projects.5.image,https://res.cloudinary.com/gidkxwhb/image/upload/v1786546733/265.jpg,string
projects.5.alt,Noida Apartment interior project,string
projects.5.placeholder,true,boolean
projects.6.duration,Defined after site assessment,string
projects.6.gallery.0,https://res.cloudinary.com/gidkxwhb/image/upload/v1786546652/200.jpg,string
projects.6.gallery.1,https://res.cloudinary.com/gidkxwhb/image/upload/v1786546657/206.jpg,string
projects.6.gallery.2,https://res.cloudinary.com/gidkxwhb/image/upload/v1786546659/212.jpg,string
projects.6.gallery.3,https://res.cloudinary.com/gidkxwhb/image/upload/v1786546659/213.jpg,string
projects.6.description,"A streamlined modular kitchen that combines serious everyday utility with a crisp, calm material expression.",string
projects.6.scope,"Modular cabinetry, work-triangle planning, tall-unit storage, appliance integration, lighting and surface specification",string
projects.6.brief,"The household wanted a kitchen that keeps cookware, provisions and appliances organised, with a layout that feels intuitive for both quick meals and longer cooking sessions.",string
projects.6.challenge,"The sink, hob, refrigerator and storage had to be placed for efficient movement in a compact plan, while the cabinetry needed to avoid feeling heavy or overly technical.",string
projects.6.solution,"A clear work triangle, integrated appliances, full-height storage and concealed task lighting create a highly usable kitchen with a clean, enduring finish palette.",string
projects.6.slug,gurgaon-modular-kitchen,string
projects.6.name,Gurgaon Modular Kitchen,string
projects.6.type,Kitchen Interior,string
projects.6.category,kitchen,string
projects.6.tags.0,kitchen,string
projects.6.tags.1,modular,string
projects.6.tags.2,storage,string
projects.6.tags.3,appliances,string
projects.6.tags.4,work-triangle,string
projects.6.location,Gurgaon,string
projects.6.image,https://res.cloudinary.com/gidkxwhb/image/upload/v1786546650/197.jpg,string
projects.6.alt,Gurgaon Modular Kitchen interior project,string
projects.6.placeholder,true,boolean
projects.7.duration,Defined after site assessment,string
projects.7.gallery.0,https://res.cloudinary.com/gidkxwhb/image/upload/v1786546740/259.jpg,string
projects.7.gallery.1,https://res.cloudinary.com/gidkxwhb/image/upload/v1786546733/265.jpg,string
projects.7.gallery.2,https://res.cloudinary.com/gidkxwhb/image/upload/v1786546735/267.jpg,string
projects.7.gallery.3,https://res.cloudinary.com/gidkxwhb/image/upload/v1786546744/277.jpg,string
projects.7.description,"A villa living-room renovation that trades ornament for proportion, texture and a more relaxed sense of everyday luxury.",string
projects.7.scope,"Living-room renovation, architectural detailing, lighting renewal, furniture layout and material palette development",string
projects.7.brief,"The owners wanted the main living spaces to feel quieter and more contemporary while retaining the generosity, warmth and personal character of the villa.",string
projects.7.challenge,The renewed living room had to bring together areas of different scales and retain useful existing construction without carrying forward a visually busy language.,string
projects.7.solution,"A consistent floor and wall palette, edited detailing, softer lighting and tailored furniture zoning give the living spaces a calm, cohesive and lasting character.",string
projects.7.slug,warm-minimal-villa,string
projects.7.name,Warm Minimal Villa,string
projects.7.type,Villa Renovation,string
projects.7.category,living-room,string
projects.7.tags.0,living-room,string
projects.7.tags.1,renovation,string
projects.7.tags.2,villa,string
projects.7.tags.3,family,string
projects.7.tags.4,warm,string
projects.7.location,Faridabad,string
projects.7.image,https://res.cloudinary.com/gidkxwhb/image/upload/v1786546751/276.jpg,string
projects.7.alt,Warm Minimal Villa interior project,string
projects.7.placeholder,true,boolean
projects.8.duration,Defined after site assessment,string
projects.8.gallery.0,https://res.cloudinary.com/gidkxwhb/image/upload/v1786546116/76.jpg,string
projects.8.gallery.1,https://res.cloudinary.com/gidkxwhb/image/upload/v1786546115/74.jpg,string
projects.8.gallery.2,https://res.cloudinary.com/gidkxwhb/image/upload/v1786546115/73.jpg,string
projects.8.gallery.3,https://res.cloudinary.com/gidkxwhb/image/upload/v1786546114/72.jpg,string
projects.8.description,"A compact café-dining interior built around an intimate guest experience, warm evening atmosphere and a plan that supports efficient service.",string
projects.8.scope,"Café-dining layout, seating density, counter planning, lighting strategy, finish selection and guest-flow coordination",string
projects.8.brief,"The concept required a memorable, welcoming dining space that could achieve useful capacity without making tables feel compressed or service feel exposed.",string
projects.8.challenge,"Table spacing, counter activity, back-of-house movement and visual impact all competed for a narrow footprint and had to be resolved as one guest experience.",string
projects.8.solution,"A disciplined seating plan, layered wall finishes and focused lighting create a café interior that feels intimate and expressive while keeping circulation and service clear.",string
projects.8.slug,compact-restaurant,string
projects.8.name,Compact Restaurant,string
projects.8.type,Restaurant Interior,string
projects.8.category,cafe,string
projects.8.tags.0,cafe,string
projects.8.tags.1,hospitality,string
projects.8.tags.2,restaurant,string
projects.8.tags.3,dining,string
projects.8.tags.4,compact,string
projects.8.location,Delhi,string
projects.8.image,https://res.cloudinary.com/gidkxwhb/image/upload/v1786546115/75.jpg,string
projects.8.alt,Compact Restaurant interior project,string
projects.8.placeholder,true,boolean
filters.0.label,All,string
filters.0.value,all,string
filters.1.label,Living Rooms,string
filters.1.value,living-room,string
filters.2.label,Kitchens,string
filters.2.value,kitchen,string
filters.3.label,Cafés,string
filters.3.value,cafe,string
layout.skipLabel,Skip to content,string
layout.skipHref,#main,string
layout.mainId,main,string
layout.brandLabel,Design Essentials home,string
layout.brandHref,/,string
layout.brandText,DESIGN ESSENTIALS,string
layout.menuLabel,Toggle menu,string
layout.navigationLabel,Primary navigation,string
layout.navigationId,primary-navigation,string
layout.headerCta.label,Book Consultation,string
layout.headerCta.href,/contact,string
layout.footer.brand,Design Essentials,string
layout.footer.titleLines.0,Spaces with purpose.,string
layout.footer.titleLines.1,Details with meaning.,string
layout.footer.studioLabel,Studio,string
layout.footer.exploreLabel,Explore,string
layout.footer.links.0.label,Showcase,string
layout.footer.links.0.href,/showcase,string
layout.footer.links.1.label,What we do,string
layout.footer.links.1.href,/what-we-do,string
layout.footer.links.2.label,Process,string
layout.footer.links.2.href,/process,string
layout.footer.links.3.label,Start a project,string
layout.footer.links.3.href,/contact,string
layout.footer.copyright,(c) 2026 Design Essentials,string
layout.footer.services,Residential / Commercial / Turnkey,string
pages.home.seo.path,/,string
pages.home.rail.0,Interior architecture / Delhi NCR,string
pages.home.rail.1,RESIDENTIAL / COMMERCIAL,string
pages.home.eyebrow,Design Essentials / Interior Studio,string
pages.home.title,"Spaces shaped by light, material and purpose.",string
pages.home.intro,"Premium residential and commercial interiors across Delhi NCR, from planning and 3D concepts to complete execution and handover.",string
pages.home.buttons.0.label,View Showcase,string
pages.home.buttons.0.href,/showcase,string
pages.home.buttons.1.label,Start a Project,string
pages.home.buttons.1.href,/contact,string
pages.home.buttons.1.variant,ghost,string
pages.home.heroAlt,Elegant contemporary living room interior,string
pages.home.statement.eyebrow,Studio statement,string
pages.home.statement.alt,Warm living room with natural light,string
pages.home.statement.text,"Design Essentials creates considered interiors for homes, offices and commercial spaces where beauty, usability and execution discipline work together.",string
pages.home.paths.0.id,residential,string
pages.home.paths.0.label,Residential,string
pages.home.paths.0.title,Homes that work beautifully every day.,string
pages.home.paths.0.text,"Layouts, storage, kitchens, wardrobes, lighting and finishes planned around Indian homes and family routines.",string
pages.home.paths.0.linkLabel,Explore residential,string
pages.home.paths.1.id,commercial,string
pages.home.paths.1.label,Commercial,string
pages.home.paths.1.title,Business spaces with clarity and presence.,string
pages.home.paths.1.text,"Offices, retail, clinics and hospitality spaces designed for workflow, customer experience and brand identity.",string
pages.home.paths.1.linkLabel,Explore commercial,string
pages.home.services.title,What we design and deliver,string
pages.home.services.text,"One coordinated journey across consultation, planning, material selection, execution and handover.",string
pages.home.process.eyebrow,Method / 01-06,string
pages.home.process.title,From first conversation to final handover.,string
pages.home.process.text,"A transparent process helps clients see what is happening, what is next and who is accountable.",string
pages.home.featured.eyebrow,Selected work,string
pages.home.featured.title,Sandstone Residence,string
pages.home.featured.text,"A warm family home shaped with muted textures, practical storage and calm transitions between daily living zones.",string
pages.home.featured.alt,Featured contemporary residence in neutral tones,string
pages.home.featured.button.label,Open Case Study,string
pages.home.featured.button.href,/projects/sandstone-residence,string
pages.home.stats.0.value,01,string
pages.home.stats.0.label,Coordinated team,string
pages.home.stats.1.value,06,string
pages.home.stats.1.label,Project stages,string
pages.home.stats.2.value,NCR,string
pages.home.stats.2.label,Service region,string
pages.home.stats.3.value,360,string
pages.home.stats.3.label,Design to handover,string
pages.home.cta.eyebrow,Start with clarity,string
pages.home.cta.title,"Planning a new home, office or renovation?",string
pages.home.cta.text,"Share your property details, project goals and expected timeline. The first conversation should make the next step clear.",string
pages.home.cta.href,/contact,string
pages.home.cta.label,Request Consultation,string
pages.about.seo.title,About,string
pages.about.seo.path,/about,string
pages.about.seo.description,"About Design Essentials, a Delhi NCR interior design and execution studio.",string
pages.about.hero.eyebrow,About Design Essentials,string
pages.about.hero.title,"A design and execution studio for spaces that need to feel considered, not crowded.",string
pages.about.hero.text,"Based in Pitampura, Delhi, Design Essentials works across Delhi NCR to create residential and commercial interiors with a balance of aesthetics, usability and site-level practicality.",string
pages.about.story.eyebrow,Approach,string
pages.about.story.title,Design is only successful when the finished space works in real life.,string
pages.about.story.text,"Our role is to connect ideas with execution. That means understanding how the space will be used, planning the technical details early, selecting materials carefully and coordinating the site so the final result remains faithful to the approved concept.",string
pages.about.story.alt,Architectural home exterior and interior composition,string
pages.about.story.note,"Client-verified founder biography, awards, team size and project count should be added before production content is finalized.",string
pages.about.values.0.number,01,string
pages.about.values.0.title,Measured luxury,string
pages.about.values.0.text,"Premium does not mean loud. We use proportion, material and detail to create restraint and comfort.",string
pages.about.values.1.number,02,string
pages.about.values.1.title,Practical planning,string
pages.about.values.1.text,"Storage, lighting, ventilation, movement and maintenance are planned before the visual layer is finalised.",string
pages.about.values.2.number,03,string
pages.about.values.2.title,One accountable journey,string
pages.about.values.2.text,"Design, sourcing, site coordination and handover remain connected through one organised process.",string
pages.about.belief.eyebrow,Belief,string
pages.about.belief.quote,"A space should look considered, but feel completely natural to use.",string
pages.about.belief.text,"This is the principle behind every residential, commercial and renovation project.",string
pages.about.belief.alt,Interior materials and architectural textures,string
pages.about.belief.button.label,See our process,string
pages.about.belief.button.href,/process,string
pages.services.seo.title,What We Do,string
pages.services.seo.path,/what-we-do,string
pages.services.seo.description,"Residential, commercial, turnkey and renovation interior services across Delhi NCR.",string
pages.services.hero.eyebrow,What we do,string
pages.services.hero.title,"Interior design, planning and execution under one clear process.",string
pages.services.hero.text,"From homes and offices to restaurants, clinics and renovation projects, services are structured to help customers choose the right starting point.",string
pages.services.cta.eyebrow,Need help choosing?,string
pages.services.cta.title,Tell us what space you are planning.,string
pages.services.cta.text,"The right service depends on property type, budget, timeline and how much execution support you need.",string
pages.services.cta.href,/contact,string
pages.services.cta.label,Send Project Details,string
pages.showcase.seo.title,Showcase,string
pages.showcase.seo.path,/showcase,string
pages.showcase.seo.description,"Explore café, kitchen and living-room interior concepts shaped around real use, thoughtful planning and material character.",string
pages.showcase.hero.eyebrow,Showcase,string
pages.showcase.hero.title,"Cafés, kitchens and living rooms—designed around how they are used.",string
pages.showcase.hero.text,"Explore space-led concept studies with a clear design brief, scope, challenge and solution for every project.",string
pages.showcase.filtersLabel,Project filters,string
pages.showcase.searchLabel,Search projects,string
pages.showcase.searchPlaceholder,"Search by space, location or feature",string
pages.showcase.resultSingular,result,string
pages.showcase.resultPlural,results,string
pages.showcase.sampleLabel,Concept study,string
pages.showcase.empty.title,No matching projects,string
pages.showcase.empty.text,Try a broader search term or choose a different category.,string
pages.showcase.cta.eyebrow,Like a project?,string
pages.showcase.cta.title,Bring reference images and your floor plan to the consultation.,string
pages.showcase.cta.text,"This helps the team understand your preferred style, budget direction and practical requirements.",string
pages.showcase.cta.href,/contact,string
pages.showcase.cta.label,Plan a similar space,string
pages.process.seo.title,Process,string
pages.process.seo.path,/process,string
pages.process.seo.description,Interior design and execution process from consultation to handover.,string
pages.process.hero.eyebrow,Process,string
pages.process.hero.title,A clear route from concept to handover.,string
pages.process.hero.text,Interior projects need structure. This page explains how the client journey stays clear from the first meeting to the final review.,string
pages.process.feature.eyebrow,Why process matters,string
pages.process.feature.title,Good execution protects good design.,string
pages.process.feature.text,"Planning, sourcing and supervision should not be disconnected from the creative idea. The final website makes this strength visible.",string
pages.process.feature.alt,Interior material detail,string
pages.contact.seo.title,Contact,string
pages.contact.seo.path,/contact,string
pages.contact.seo.description,Start a residential or commercial interior design project with Design Essentials.,string
pages.contact.hero.eyebrow,Start a project,string
pages.contact.hero.title,"Share the space, timeline and budget direction.",string
pages.contact.hero.text,This form qualifies residential and commercial enquiries before the first call.,string
pages.contact.imageAlt,Interior consultation table,string
pages.contact.detailLabels.phone,Phone,string
pages.contact.detailLabels.email,Email,string
pages.contact.detailLabels.studio,Studio,string
pages.contact.detailLabels.areas,Service areas,string
pages.contact.initial.name,,string
pages.contact.initial.phone,,string
pages.contact.initial.email,,string
pages.contact.initial.location,,string
pages.contact.initial.projectType,Residential,string
pages.contact.initial.area,,string
pages.contact.initial.budget,To be discussed,string
pages.contact.initial.timeline,,string
pages.contact.initial.message,,string
pages.contact.status.loading,Sending enquiry...,string
pages.contact.status.fallbackError,Please review the form and try again.,string
pages.contact.status.success,Thanks. Your enquiry passed validation and is ready for email integration.,string
pages.contact.status.networkError,The enquiry could not be submitted. Please try again.,string
pages.contact.status.sending,Sending...,string
pages.contact.status.submit,Send Enquiry,string
pages.contact.fields.0.name,name,string
pages.contact.fields.0.label,Full name,string
pages.contact.fields.0.type,text,string
pages.contact.fields.0.required,true,boolean
pages.contact.fields.1.name,phone,string
pages.contact.fields.1.label,Phone,string
pages.contact.fields.1.type,tel,string
pages.contact.fields.1.required,true,boolean
pages.contact.fields.2.name,email,string
pages.contact.fields.2.label,Email,string
pages.contact.fields.2.type,email,string
pages.contact.fields.3.name,location,string
pages.contact.fields.3.label,Project location,string
pages.contact.fields.3.type,text,string
pages.contact.fields.3.placeholder,Delhi / Gurgaon / Noida,string
pages.contact.fields.4.name,projectType,string
pages.contact.fields.4.label,Project type,string
pages.contact.fields.4.type,select,string
pages.contact.fields.4.options.0,Residential,string
pages.contact.fields.4.options.1,Commercial,string
pages.contact.fields.4.options.2,Renovation,string
pages.contact.fields.4.options.3,Office,string
pages.contact.fields.4.options.4,Retail / Hospitality,string
pages.contact.fields.5.name,area,string
pages.contact.fields.5.label,Approx. area,string
pages.contact.fields.5.type,text,string
pages.contact.fields.5.placeholder,e.g. 1800 sq ft,string
pages.contact.fields.6.name,budget,string
pages.contact.fields.6.label,Budget range,string
pages.contact.fields.6.type,select,string
pages.contact.fields.6.options.0,To be discussed,string
pages.contact.fields.6.options.1,Rs 2L-Rs 5L,string
pages.contact.fields.6.options.2,Rs 5L-Rs 10L,string
pages.contact.fields.6.options.3,Rs 10L-Rs 25L,string
pages.contact.fields.6.options.4,Rs 25L+,string
pages.contact.fields.7.name,timeline,string
pages.contact.fields.7.label,Expected start,string
pages.contact.fields.7.type,text,string
pages.contact.fields.7.placeholder,Immediately / 1 month / 3 months,string
pages.contact.fields.8.name,message,string
pages.contact.fields.8.label,Project brief,string
pages.contact.fields.8.type,textarea,string
pages.contact.fields.8.placeholder,"Tell us about the space, requirements and preferred style.",string
pages.contact.fields.8.full,true,boolean
pages.contact.upload.label,File uploads,string
pages.contact.upload.text,File upload support can be connected with the final form service or CRM.,string
pages.project.sampleLabel,Concept study,string
pages.project.factsEyebrow,Project facts,string
pages.project.factLabels.location,Location,string
pages.project.factLabels.category,Category,string
pages.project.factLabels.type,Project type,string
pages.project.factLabels.scope,Scope,string
pages.project.factLabels.duration,Duration,string
pages.project.briefTitle,Client brief,string
pages.project.challengeTitle,Design challenge,string
pages.project.solutionTitle,Solution,string
pages.project.galleryLabel,gallery,string
pages.project.galleryAlt,interior view,string
pages.project.cta.eyebrow,Inspired by this project?,string
pages.project.cta.title,Discuss a similar interior.,string
pages.project.cta.text,"Bring your floor plan, rough budget and preferred references to the first consultation.",string
pages.project.cta.href,/contact,string
pages.project.cta.label,Start Consultation,string
api.contact.endpoint,/api/contact,string
api.contact.allowedMethod,POST,string
api.contact.errors.method,Method not allowed,string
api.contact.errors.requiredPrefix,Missing required field,string
api.contact.errors.requiredPlural,s,string
api.contact.errors.email,Please provide a valid email address.,string
api.contact.defaults.projectType,Residential,string
api.contact.defaults.budget,To be discussed,string
api.contact.success,Enquiry validated. Email/CRM delivery can be connected here.,string
